{
  "dashboard": {
    "title": "Game Server Observability Dashboard",
    "uid": "game-server-dashboard",
    "timezone": "browser",
    "schemaVersion": 16,
    "version": 1,
    "panels": [
      {
        "id": 1,
        "title": "Overall QPS",
        "type": "graph",
        "datasource": "Prometheus",
        "targets": [
          {
            "expr": "sum(rate(game_requests_total[5m]))",
            "legendFormat": "QPS",
            "refId": "A"
          }
        ],
        "xaxis": {
          "mode": "time"
        },
        "yaxes": [
          {
            "format": "short",
            "label": "Requests per second"
          },
          {
            "format": "short"
          }
        ]
      },
      {
        "id": 2,
        "title": "Request Latency",
        "type": "graph",
        "datasource": "Prometheus",
        "targets": [
          {
            "expr": "histogram_quantile(0.95, sum(rate(game_request_duration_seconds_bucket[5m])) by (le))",
            "legendFormat": "95th percentile",
            "refId": "A"
          },
          {
            "expr": "histogram_quantile(0.99, sum(rate(game_request_duration_seconds_bucket[5m])) by (le))",
            "legendFormat": "99th percentile",
            "refId": "B"
          },
          {
            "expr": "rate(game_request_duration_seconds_sum[5m]) / rate(game_request_duration_seconds_count[5m])",
            "legendFormat": "Average",
            "refId": "C"
          }
        ],
        "xaxis": {
          "mode": "time"
        },
        "yaxes": [
          {
            "format": "s",
            "label": "Latency"
          },
          {
            "format": "short"
          }
        ]
      },
      {
        "id": 3,
        "title": "Error Rate",
        "type": "graph",
        "datasource": "Prometheus",
        "targets": [
          {
            "expr": "sum(rate(game_errors_total[5m]))",
            "legendFormat": "Errors per second",
            "refId": "A"
          }
        ],
        "xaxis": {
          "mode": "time"
        },
        "yaxes": [
          {
            "format": "short",
            "label": "Errors per second"
          },
          {
            "format": "short"
          }
        ]
      },
      {
        "id": 4,
        "title": "Active Connections",
        "type": "graph",
        "datasource": "Prometheus",
        "targets": [
          {
            "expr": "game_active_connections",
            "legendFormat": "Active Connections",
            "refId": "A"
          }
        ],
        "xaxis": {
          "mode": "time"
        },
        "yaxes": [
          {
            "format": "short",
            "label": "Connections"
          },
          {
            "format": "short"
          }
        ]
      },
      {
        "id": 5,
        "title": "Battle Requests",
        "type": "graph",
        "datasource": "Prometheus",
        "targets": [
          {
            "expr": "sum(rate(game_battle_requests_total[5m]))",
            "legendFormat": "Battle QPS",
            "refId": "A"
          }
        ],
        "xaxis": {
          "mode": "time"
        },
        "yaxes": [
          {
            "format": "short",
            "label": "Requests per second"
          },
          {
            "format": "short"
          }
        ]
      },
      {
        "id": 6,
        "title": "Battle Latency",
        "type": "graph",
        "datasource": "Prometheus",
        "targets": [
          {
            "expr": "histogram_quantile(0.95, sum(rate(game_battle_duration_seconds_bucket[5m])) by (le))",
            "legendFormat": "95th percentile",
            "refId": "A"
          },
          {
            "expr": "histogram_quantile(0.99, sum(rate(game_battle_duration_seconds_bucket[5m])) by (le))",
            "legendFormat": "99th percentile",
            "refId": "B"
          }
        ],
        "xaxis": {
          "mode": "time"
        },
        "yaxes": [
          {
            "format": "s",
            "label": "Latency"
          },
          {
            "format": "short"
          }
        ]
      },
      {
        "id": 7,
        "title": "Economy Transactions",
        "type": "graph",
        "datasource": "Prometheus",
        "targets": [
          {
            "expr": "sum(rate(game_economy_transactions_total[5m]))",
            "legendFormat": "Transactions per second",
            "refId": "A"
          }
        ],
        "xaxis": {
          "mode": "time"
        },
        "yaxes": [
          {
            "format": "short",
            "label": "Transactions per second"
          },
          {
            "format": "short"
          }
        ]
      },
      {
        "id": 8,
        "title": "CPU Usage",
        "type": "graph",
        "datasource": "Prometheus",
        "targets": [
          {
            "expr": "rate(game_cpu_seconds_total[5m])",
            "legendFormat": "CPU Usage",
            "refId": "A"
          }
        ],
        "xaxis": {
          "mode": "time"
        },
        "yaxes": [
          {
            "format": "percentunit",
            "label": "CPU Usage"
          },
          {
            "format": "short"
          }
        ]
      },
      {
        "id": 9,
        "title": "Memory Usage",
        "type": "graph",
        "datasource": "Prometheus",
        "targets": [
          {
            "expr": "game_memory_bytes",
            "legendFormat": "Memory Usage",
            "refId": "A"
          }
        ],
        "xaxis": {
          "mode": "time"
        },
        "yaxes": [
          {
            "format": "bytes",
            "label": "Memory"
          },
          {
            "format": "short"
          }
        ]
      },
      {
        "id": 10,
        "title": "Database Connections",
        "type": "graph",
        "datasource": "Prometheus",
        "targets": [
          {
            "expr": "game_database_connections",
            "legendFormat": "DB Connections",
            "refId": "A"
          }
        ],
        "xaxis": {
          "mode": "time"
        },
        "yaxes": [
          {
            "format": "short",
            "label": "Connections"
          },
          {
            "format": "short"
          }
        ]
      }
    ],
    "templating": {
      "list": []
    },
    "annotations": {
      "list": []
    },
    "refresh": "10s",
    "time": {
      "from": "now-1h",
      "to": "now"
    },
    "timepicker": {
      "refresh_intervals": [
        "5s",
        "10s",
        "30s",
        "1m",
        "5m",
        "15m",
        "30m",
        "1h",
        "2h",
        "1d"
      ],
      "time_options": [
        "5m",
        "15m",
        "1h",
        "6h",
        "12h",
        "24h",
        "2d",
        "7d",
        "30d"
      ]
    }
  }
}
